season,week,actual_elim,rank_pred,pct_pred,var_rank_judge,var_rank_fan,var_pct_judge,var_pct_fan,rank_obeys_fan,pct_obeys_fan,rank_correct,pct_correct
1,1,,Evander Holyfield,Evander Holyfield,3.8055555555555554,2.9166666666666665,0.0005166979958664161,0.0015545140138140947,True,True,False,False
1,2,Trista Sutter,Trista Sutter,Trista Sutter,2.9166666666666665,2.9166666666666665,0.0011250749417541304,0.0028209407908064404,True,True,True,True
1,3,Evander Holyfield,Evander Holyfield,Evander Holyfield,2.0,2.0,0.0017586329654681384,0.004326736533601307,True,True,True,True
1,4,Rachel Hunter,Rachel Hunter,Rachel Hunter,1.25,1.25,0.0007679584120982984,0.003605680880219511,True,True,True,True
1,5,,Joey McIntyre,Joey McIntyre,0.6666666666666666,0.6666666666666666,0.000698484185067033,0.00889959309273365,True,True,False,False
1,6,,John O'Hurley,John O'Hurley,0.25,0.25,2.1041999831663748e-05,0.019271162339692345,True,True,False,False
2,1,Kenny Mayne,Kenny Mayne,Kenny Mayne,8.84,8.25,0.00040631163708086784,0.0004107296261443421,True,True,True,True
2,2,Tatum O'Neal,Tatum O'Neal,Tatum O'Neal,6.54320987654321,6.666666666666667,0.0003987654320987653,0.0005244724888594678,True,True,True,True
2,3,Giselle Fernandez,Giselle Fernandez,Giselle Fernandez,5.6875,5.25,0.0005415257819103973,0.0007968570519300571,True,True,True,True
2,4,Master P,Master P,Master P,4.408163265306122,4.0,0.001577782210464702,0.001135184662003217,True,True,True,True
2,5,Tia Carrere,Tia Carrere,Tia Carrere,2.9166666666666665,2.9166666666666665,0.0003130954295376907,0.0009631659004439713,True,True,True,True
2,6,George Hamilton,George Hamilton,George Hamilton,1.8399999999999999,2.0,0.0005562779128271807,0.0016808315188742168,True,True,True,True
2,7,Lisa Rinna,Lisa Rinna,Lisa Rinna,1.6875,1.25,0.0008169934640522873,0.002146889548477091,True,True,True,True
2,8,,Jerry Rice,Jerry Rice,0.6666666666666666,0.6666666666666666,0.000149269779709241,0.001265416600264811,True,True,False,False
3,1,Tucker Carlson,Tucker Carlson,Tucker Carlson,10.446280991735538,10.0,0.00035232090476596775,0.0003211801381602685,True,True,True,True
3,2,Shanna Moakler,Shanna Moakler,Shanna Moakler,7.090000000000001,8.25,0.00014366729678638935,0.00044488803807094895,True,True,True,True
3,3,Harry Hamlin,Emmitt Smith,Harry Hamlin,6.617283950617284,6.666666666666667,0.00015558511672773373,0.0006391793484662026,False,True,False,True
3,4,Vivica A. Fox,Vivica A. Fox,Vivica A. Fox,4.859375,5.25,0.00020884348535863683,0.0007998655752005437,True,True,True,True
3,5,Willa Ford,Jerry Springer,Willa Ford,5.428571428571429,4.0,5.6064671221194515e-05,0.0011103088453150408,False,True,False,True
3,6,,Jerry Springer,Jerry Springer,2.0,2.0,0.0007641482332663026,0.00042401322686190296,True,True,False,False
3,7,Jerry Springer,Jerry Springer,Jerry Springer,2.56,2.0,0.00023593964334705074,0.001688992178376037,True,True,True,True
3,8,Monique Coleman,Monique Coleman,Monique Coleman,1.1875,1.25,4.7344499621243845e-05,0.0036947720624244296,True,True,True,True
3,9,,Emmitt Smith,Emmitt Smith,0.0,0.6666666666666666,0.0,0.00020331236651420102,True,True,False,False
3,10,,Emmitt Smith,Emmitt Smith,0.0,0.25,0.0,0.0006985393221057535,True,True,False,False
4,1,,Billy Ray Cyrus,Billy Ray Cyrus,10.512396694214875,10.0,0.0002446075334446272,5.767264624946052e-05,True,True,False,False
4,2,Paulina Porizkova,Shandi Finnessey,Paulina Porizkova,8.776859504132231,10.0,0.00010932084083422538,0.0003082872946569425,False,True,False,True
4,3,Shandi Finnessey,John Ratzenberger,Shandi Finnessey,10.639999999999999,8.25,0.00012541031899671748,0.0004007220935818634,False,True,False,True
4,4,Leeza Gibbons,Clyde Drexler,Leeza Gibbons,5.950617283950617,6.666666666666667,0.0005321295441332375,0.00048889660601596,False,True,False,True
4,5,Clyde Drexler,Clyde Drexler,Clyde Drexler,5.25,5.25,0.0009523502066115701,0.000603920440154291,True,True,True,True
4,6,Heather Mills,Heather Mills,Heather Mills,4.6938775510204085,4.0,0.00037285502436268614,0.0008992785990087333,True,True,True,True
4,7,John Ratzenberger,John Ratzenberger,John Ratzenberger,3.472222222222222,2.9166666666666665,0.0006100690189671246,0.001262184359261481,True,True,True,True
4,8,Billy Ray Cyrus,Billy Ray Cyrus,Billy Ray Cyrus,2.0,2.0,0.0007961778384470087,0.00152506404552688,True,True,True,True
4,9,Ian Ziering,Ian Ziering,Ian Ziering,1.6875,1.25,1.2239847602770234e-05,0.003401036977838537,True,True,True,True
4,10,,Laila Ali,Laila Ali,0.6666666666666666,0.6666666666666666,2.318977647853017e-05,1.9340640904854945e-06,False,False,False,False
5,1,Josie Maran,Josie Maran,Josie Maran,11.576388888888891,11.916666666666666,0.00011975536680679831,0.00020493322511614632,True,True,True,True
5,2,Albert Reed,Albert Reed,Albert Reed,8.264462809917354,10.0,0.00018383629582119671,0.0003443387527779394,True,True,True,True
5,3,Wayne Newton,Wayne Newton,Wayne Newton,10.49,8.25,0.0001696398872568758,0.00031223254605369956,True,True,True,True
5,4,Floyd Mayweather Jr. ,Floyd Mayweather Jr. ,Floyd Mayweather Jr. ,7.111111111111111,6.666666666666667,8.928498956988984e-05,0.00045156865228978,True,True,True,True
5,5,Mark Cuban,Mark Cuban,Mark Cuban,4.6875,5.25,0.00019846405393803186,0.0005471596015372706,True,True,True,True
5,6,Sabrina Bryan,Sabrina Bryan,Sabrina Bryan,3.8367346938775517,4.0,0.0002091206853111615,0.0009188645820238383,True,True,True,True
5,7,Jane Seymour,Jane Seymour,Jane Seymour,2.888888888888889,2.9166666666666665,1.712141135218055e-05,0.0013031378653003385,True,True,True,True
5,8,Cameron Mathison,Cameron Mathison,Cameron Mathison,2.0,2.0,0.0001538261359857739,0.0021846340489262723,True,True,True,True
5,9,Jennie Garth,Jennie Garth,Jennie Garth,1.6875,1.25,5.022280663306283e-05,0.0035995744002057604,True,True,True,True
5,10,,Helio Castroneves,Marie Osmond,0.6666666666666666,0.6666666666666666,0.0009454386370964388,4.975053024043686e-05,True,False,False,False
6,1,,Monica Seles,Monica Seles,11.576388888888888,11.916666666666666,0.00023179901437788948,0.0024813871577046447,False,False,False,False
6,2,Monica Seles,Monica Seles,Monica Seles,13.020833333333334,11.916666666666666,0.00024592432217831545,0.00256248267295874,True,True,True,True
6,3,Steve Guttenberg,Steve Guttenberg,Steve Guttenberg,5.890000000000001,8.25,0.00011849799938442595,0.0033064967024561617,True,True,True,True
6,4,Adam Carolla,Adam Carolla,Adam Carolla,6.691358024691358,6.666666666666667,0.0001975308641975308,0.004040610713781991,True,True,True,True
6,5,Priscilla Presley,Priscilla Presley,Priscilla Presley,5.4375,5.25,0.00018221574344023315,0.005809101322812345,True,True,True,True
6,6,Marlee Matlin,Marlee Matlin,Marlee Matlin,3.5510204081632653,4.0,0.00023557571176618787,0.007815983332898027,True,True,True,True
6,7,Shannon Elizabeth,Shannon Elizabeth,Shannon Elizabeth,2.555555555555556,2.9166666666666665,8.640462500392742e-05,0.010241061988750784,True,True,True,True
6,8,Mario,Mario,Mario,2.0,2.0,8.192007182033682e-05,0.0005545763248566684,True,True,True,True
6,9,Marissa Jaret Winokur,Marissa Jaret Winokur,Marissa Jaret Winokur,1.25,1.25,7.231404958677685e-05,0.0033619113522973445,True,True,True,True
6,10,,Cristian de la Fuente,Cristian de la Fuente,0.6666666666666666,0.6666666666666666,0.00038125026745873303,0.0003057658536106225,True,True,False,False
7,1,Ted McGinley,Rocco DiSpirito,Ted McGinley,13.597633136094675,14.0,0.00014605612133084661,0.00042637881103760273,False,True,False,True
7,2,Kim Kardashian,Kim Kardashian,Kim Kardashian,11.322314049586778,10.0,0.00017665689018557605,0.0001748305799813795,True,True,True,True
7,3,,Cloris Leachman,Cloris Leachman,6.395061728395062,6.666666666666667,0.0002550128893739744,0.00012934330477360717,True,True,False,False
7,4,Rocco DiSpirito,Rocco DiSpirito,Rocco DiSpirito,6.691358024691358,6.666666666666667,0.00014619843621598903,0.0004548304164708265,True,True,True,True
7,5,Toni Braxton,Toni Braxton,Toni Braxton,4.1875,5.25,0.00024942472057856664,0.0006711865151443365,True,True,True,True
7,6,Cloris Leachman,Cloris Leachman,Cloris Leachman,3.8367346938775513,4.0,0.000540497448979592,0.0006819656358734112,True,True,True,True
7,7,Susan Lucci,Susan Lucci,Susan Lucci,3.2222222222222228,2.9166666666666665,0.0003817853672081079,0.0015408948375247161,True,True,True,True
7,8,Maurice Greene,Maurice Greene,Maurice Greene,1.3599999999999999,2.0,0.00013533256439830841,0.0022081395672383436,True,True,True,True
7,9,Cody Linley,Cody Linley,Cody Linley,1.1875,1.25,0.0004130467067646837,0.0033126840810790365,True,True,True,True
7,10,,Lance Bass,Lance Bass,0.2222222222222222,0.6666666666666666,0.00019223375624759717,0.0007773486169125303,True,True,False,False
8,1,,Steve Wozniak,Steve Wozniak,14.177514792899407,14.0,0.00018337994490785455,9.923869306159339e-05,True,True,False,False
8,2,Belinda Carlisle,David Alan Grier,Belinda Carlisle,12.852071005917159,14.0,0.00018739428000867883,0.0002436502298771559,False,True,False,True
8,3,Denise Richards,Denise Richards,Denise Richards,14.138888888888888,11.916666666666666,0.0004387369885850884,0.00029093897071224916,True,True,True,True
8,4,Steve Wozniak,Steve Wozniak,Steve Wozniak,10.148760330578511,10.0,0.0005433061576767608,0.0003483729594956893,True,True,True,True
8,5,David Alan Grier,David Alan Grier,David Alan Grier,7.209876543209877,6.666666666666667,0.0002418745275888134,0.0005880776595126167,True,True,True,True
8,6,Steve-O,Steve-O,Steve-O,5.484375,5.25,0.00048235345126604226,0.0006665969528259017,True,True,True,True
8,7,Lawrence Taylor,Lawrence Taylor,Lawrence Taylor,4.122448979591837,4.0,0.00018976314109752095,0.0008161340976252402,True,True,True,True
8,8,Chuck Wicks,Chuck Wicks,Chuck Wicks,2.8888888888888893,2.9166666666666665,0.00010615275038351963,0.0014389196391197713,True,True,True,True
8,9,Lil' Kim,Lil' Kim,Lil' Kim,2.16,2.0,0.00023341609504972722,0.0018328641771472726,True,True,True,True
8,10,Ty Murray,Ty Murray,Ty Murray,1.25,1.25,0.00038963949875940867,0.003159278236300853,True,True,True,True
8,11,,Gilles Marini,Gilles Marini,0.6666666666666666,0.6666666666666666,5.079365079365075e-05,0.0003301300755638107,True,True,False,False
9,1,Ashley Hamiliton,Ashley Hamiliton,Ashley Hamiliton,19.6875,21.25,0.00016142861530638785,0.0001409547908430482,True,True,True,True
9,2,Kathy Ireland,Kathy Ireland,Kathy Ireland,14.372448979591836,16.25,0.00010247053145845317,0.0001722694128511251,True,True,True,True
9,3,Debi Mazar,Debi Mazar,Debi Mazar,13.869822485207099,14.0,0.00020765706999430013,0.00023408575275453265,True,True,True,True
9,4,Chuck Liddell,Chuck Liddell,Chuck Liddell,10.198347107438018,10.0,0.0003259836946060565,0.0003186874565944264,True,True,True,True
9,5,Natalie Coughlin,Michael Irvin,Natalie Coughlin,7.890000000000001,8.25,9.493887029574483e-05,0.00037151655023915286,False,True,False,True
9,6,Melissa Joan Hart,Melissa Joan Hart,Melissa Joan Hart,6.666666666666667,6.666666666666667,0.00034334670467242915,0.0004914296952450632,True,True,True,True
9,7,Mark Dacascos,Mark Dacascos,Mark Dacascos,4.122448979591836,4.0,0.00011694842789673876,0.0008201519761840006,True,True,True,True
9,8,Aaron Carter,Aaron Carter,Aaron Carter,1.3599999999999999,2.0,0.00016665695472291804,0.0020016959017197977,True,True,True,True
9,9,Joanna Krupa,Joanna Krupa,Joanna Krupa,1.25,1.25,0.00021972953843949405,0.0035622807441814596,True,True,True,True
9,10,,Kelly Osbourne,Kelly Osbourne,0.6666666666666666,0.6666666666666666,0.00039767907544342463,0.0003651203868666807,True,True,False,False
10,1,,Aiden Turner,Buzz Aldrin,9.867768595041323,10.0,0.00023725730554786668,0.00014807003046530905,True,False,False,False
10,2,Shannen Doherty,Aiden Turner,Shannen Doherty,9.900826446280993,10.0,0.0003756574004507888,0.0004296135524486808,False,True,False,True
10,3,Buzz Aldrin,Buzz Aldrin,Buzz Aldrin,8.6,8.25,0.00031570773374748235,0.0003492049576435169,True,True,True,True
10,4,Aiden Turner,Aiden Turner,Aiden Turner,6.666666666666667,6.666666666666667,0.0003467600138165836,0.0005243725601049964,True,True,True,True
10,5,Kate Gosselin,Kate Gosselin,Kate Gosselin,4.734375,5.25,0.0006510199137959838,0.000481962713731812,True,True,True,True
10,6,Jake Pavelka,Jake Pavelka,Jake Pavelka,4.0,4.0,0.0003363961182943826,0.0009084704225183578,True,True,True,True
10,7,Pamela Anderson,Niecy Nash,Pamela Anderson,3.1388888888888893,2.9166666666666665,3.245302353045247e-05,0.001309842598317138,False,True,False,True
10,8,Niecy Nash,Niecy Nash,Niecy Nash,2.16,2.0,0.0005349247762033467,0.002097616416408142,True,True,True,True
10,9,Chad Ochocinco,Chad Ochocinco,Chad Ochocinco,1.6875,1.25,0.00016152400344584563,0.0032817399724324363,True,True,True,True
10,10,,Evan Lysacek,Evan Lysacek,0.6666666666666666,0.6666666666666666,0.00010961350051053444,0.0007440582646839012,True,True,False,False
11,1,David Hasselhoff,David Hasselhoff,David Hasselhoff,10.166666666666666,11.916666666666666,0.00020201677156983877,0.0002887925464082336,True,True,True,True
11,2,Michael Bolton,Michael Bolton,Michael Bolton,9.702479338842975,10.0,0.00020271547360375486,0.00026366328528806875,True,True,True,True
11,3,Margaret Cho,Margaret Cho,Margaret Cho,9.2,8.25,0.00012878524190741385,0.000360539591543906,True,True,True,True
11,4,The Situation,The Situation,The Situation,6.666666666666667,6.666666666666667,0.0005423221250858757,0.0005283894406588431,True,True,True,True
11,5,Florence Henderson,Florence Henderson,Florence Henderson,5.484375,5.25,0.00022453508030431115,0.0007476105784287394,True,True,True,True
11,6,Audrina Patridge,Kyle Massey,Audrina Patridge,4.0,4.0,0.00035911761320999027,0.0011093370569996352,False,True,False,True
11,7,Rick Fox,Rick Fox,Rick Fox,3.555555555555556,2.9166666666666665,4.9360990823648004e-05,0.0012349036519380514,True,True,True,True
11,8,Kurt Warner,Kurt Warner,Kurt Warner,2.56,2.0,0.0002904948380206483,0.002055395965728323,True,True,True,True
11,9,Brandy,Brandy,Brandy,1.25,1.25,0.00012503847337642346,0.003206031208148024,True,True,True,True
11,10,,Kyle Massey,Kyle Massey,0.6666666666666666,0.6666666666666666,0.00046237756678522025,0.0008086512445439682,True,True,False,False
12,1,,Mike Catherwood,Mike Catherwood,10.198347107438016,10.0,0.00024533587001364973,0.00020837088374814662,True,True,False,False
12,2,Mike Catherwood,Mike Catherwood,Mike Catherwood,9.504132231404958,10.0,0.0001218696504891791,0.0004161368565849607,True,True,True,True
12,3,Wendy Williams,Wendy Williams,Wendy Williams,8.29,8.25,0.00016682679710018346,0.0003340913028603822,True,True,True,True
12,4,Sugar Ray Leonard,Sugar Ray Leonard,Sugar Ray Leonard,7.135802469135803,6.666666666666667,0.00012277020791803836,0.0005952666921139487,True,True,True,True
12,5,Petra Nemcova,Petra Nemcova,Petra Nemcova,4.1875,5.25,0.0001112631523009884,0.0007853369016013372,True,True,True,True
12,6,Chris Jericho,Chris Jericho,Chris Jericho,4.693877551020408,4.0,0.00012975560594608216,0.001001383440247653,True,True,True,True
12,7,Kendra Wilkinson,Kendra Wilkinson,Kendra Wilkinson,2.805555555555555,2.9166666666666665,4.788294827625298e-05,0.0012938878340055088,True,True,True,True
12,8,Romeo,Romeo,Romeo,2.0,2.0,0.00014792899408284016,0.0015600115040271425,True,True,True,True
12,9,Ralph Macchio,Ralph Macchio,Ralph Macchio,1.25,1.25,0.0015516070620190134,0.0025982387153321517,True,True,True,True
12,10,,Chelsea Kane,Kirstie Alley,0.888888888888889,0.6666666666666666,8.09365344018588e-05,3.372118030894545e-05,True,False,False,False
13,1,Metta World Peace (Ron),Metta World Peace (Ron),Metta World Peace (Ron),12.020833333333334,11.916666666666666,0.00014319810477087127,0.00026867539685808395,True,True,True,True
13,2,Elisabetta Canalis,Carson Kressley,Elisabetta Canalis,10.380165289256198,10.0,6.979980253303485e-05,0.00039146872748565685,False,True,False,True
13,3,Kristin Cavallari,Carson Kressley,Kristin Cavallari,8.76,8.25,0.00011055920525556803,0.0004344585138795461,False,True,False,True
13,4,Chynna Phillips,Carson Kressley,Chynna Phillips,5.580246913580247,6.666666666666667,0.0001718406822075084,0.0005198318309158512,False,True,False,True
13,5,Carson Kressley,Carson Kressley,Carson Kressley,5.6875,5.25,0.00019098008148483474,0.0006185611045773363,True,True,True,True
13,6,Chaz Bono,Chaz Bono,Chaz Bono,4.693877551020408,4.0,0.000494725397779957,0.0007836880668686038,True,True,True,True
13,7,David Arquette,David Arquette,David Arquette,2.9166666666666665,2.9166666666666665,9.868748875609754e-05,0.001488336034205938,True,True,True,True
13,8,Nancy Grace,Nancy Grace,Nancy Grace,2.16,2.0,0.00038401335698633014,0.0012037217744086898,True,True,True,True
13,9,Hope Solo,Hope Solo,Hope Solo,1.25,1.25,0.0009291257710157973,0.0019646630254761548,True,True,True,True
13,10,,Ricki Lake,J.R. Martinez,0.6666666666666666,0.6666666666666666,2.5930451797899396e-06,3.0224220191065892e-05,False,True,False,False
14,1,,Martina Navratilova,Martina Navratilova,10.743055555555555,11.916666666666666,5.829903978052128e-05,4.8844576917533286e-05,True,True,False,False
14,2,Martina Navratilova,Martina Navratilova,Martina Navratilova,12.854166666666666,11.916666666666666,0.00010700592246590783,0.00021643151310845192,True,True,True,True
14,3,Jack Wagner,Jack Wagner,Jack Wagner,4.545454545454546,10.0,3.7949063923089924e-05,0.00030154417033532196,True,True,True,True
14,4,Sherri Sheperd,Sherri Sheperd,Sherri Sheperd,7.890000000000001,8.25,9.228388808045828e-05,0.0003706950476537347,True,True,True,True
14,5,Gavin DeGraw,Gavin DeGraw,Gavin DeGraw,7.728395061728396,6.666666666666667,0.00022783997858402634,0.00040666535850558666,True,True,True,True
14,6,Gladys Knight,Gladys Knight,Gladys Knight,5.25,5.25,0.0003408365162261342,0.0004885341452121796,True,True,True,True
14,7,Jaleel White,Jaleel White,Jaleel White,4.122448979591836,4.0,5.9093048975561337e-05,0.0009303471027251065,True,True,True,True
14,8,Roshon Fegan,Roshon Fegan,Roshon Fegan,2.888888888888889,2.9166666666666665,3.662866637363733e-05,0.001500279542122024,True,True,True,True
14,9,Maria Menounos,Donald Driver,Maria Menounos,1.25,1.25,2.3629489603024573e-05,0.003588622734754149,False,True,False,True
14,10,,Donald Driver,Donald Driver,0.2222222222222222,0.6666666666666666,3.095229778580454e-06,0.0006734919671218067,True,True,False,False
15,1,Pamela Anderson,Pamela Anderson,Pamela Anderson,14.366863905325443,14.0,4.810211331778213e-05,0.00015771806292083228,True,True,True,True
15,2,Joey Fatone,Joey Fatone,Joey Fatone,11.1875,11.916666666666666,5.7432787229573624e-05,0.0002552708478805237,True,True,True,True
15,3,Helio Castroneves,Drew Lachey,Helio Castroneves,10.561983471074381,10.0,2.197540380205499e-05,0.00032471542952584837,False,True,False,True
15,4,Bristol Palin,Bristol Palin,Bristol Palin,7.432098765432098,6.666666666666667,8.766961240744786e-05,0.0003885347776374144,True,True,True,True
15,5,,Kirstie Alley,Kirstie Alley,6.6875,5.25,2.4179257542188544e-05,3.0775566619909334e-05,False,False,False,False
15,6,Sabrina Bryan,Emmitt Smith,Sabrina Bryan,5.6875,5.25,3.3039000704832073e-05,0.0007216547583414516,False,True,False,True
15,7,,Kirstie Alley,Kirstie Alley,4.0,4.0,0.00019566932831235553,0.00015197254890402808,True,True,False,False
15,8,Gilles Marini,Kirstie Alley,Gilles Marini,4.408163265306122,4.0,4.760516938422886e-05,0.0009763830967555729,False,True,False,True
15,9,Apolo Anton Ohno,Emmitt Smith,Apolo Anton Ohno,2.0,2.0,4.8474420568966125e-05,0.002310418367532201,False,True,False,True
15,10,,Shawn Johnson,Melissa Rycroft,0.6666666666666666,0.6666666666666666,3.3215829448899056e-06,0.0002524007764280233,False,True,False,False
16,1,,D. L. Hughley,D. L. Hughley,12.409722222222221,11.916666666666666,0.00015083088084175022,0.0001543847935838934,True,True,False,False
16,2,,Dorothy Hamill,D. L. Hughley,11.576388888888888,11.916666666666666,0.00020809071635462384,0.00017310893152732877,False,True,False,False
16,3,Wynonna Judd,Wynonna Judd,Wynonna Judd,10.429752066115702,10.0,0.00023464707316306737,0.00036321372351507834,True,True,True,True
16,4,Lisa Vanderpump,Lisa Vanderpump,Lisa Vanderpump,7.760000000000001,8.25,0.000196109693877551,0.0004137330561556638,True,True,True,True
16,5,D. L. Hughley,D. L. Hughley,D. L. Hughley,5.506172839506172,6.666666666666667,0.0003142875635111008,0.0006478557280866592,True,True,True,True
16,6,Victor Ortiz,Victor Ortiz,Victor Ortiz,5.234375,5.25,0.00014148678313363218,0.0007273690306872723,True,True,True,True
16,7,Andy Dick,Andy Dick,Andy Dick,4.0,4.0,0.0006220824813857492,0.0007850153543013074,True,True,True,True
16,8,Sean Lowe,Sean Lowe,Sean Lowe,2.9166666666666665,2.9166666666666665,0.0003047137873080532,0.0011878719865645042,True,True,True,True
16,9,Ingo Rademacher,Ingo Rademacher,Ingo Rademacher,2.5599999999999996,2.0,0.0001187063024998741,0.002098136872774278,True,True,True,True
16,10,Alexandra Raisman,Alexandra Raisman,Alexandra Raisman,1.6875,1.25,5.0227458338594595e-05,0.0040281428746128025,True,True,True,True
17,1,,Keyshawn Johnson,Keyshawn Johnson,12.472222222222221,11.916666666666666,0.0001737806532118056,4.2150959324112066e-05,True,True,False,False
17,2,Keyshawn Johnson,Keyshawn Johnson,Keyshawn Johnson,13.305555555555557,11.916666666666666,0.00011973856948134748,0.00022461717456977507,True,True,True,True
17,3,Bill Nye,Bill Nye,Bill Nye,9.33884297520661,10.0,0.0002008127833859196,0.0001793398767087231,True,True,True,True
17,4,Valerie Harper,Valerie Harper,Valerie Harper,9.25,8.25,0.00014260535170645727,0.00028363046643384044,True,True,True,True
17,5,Christina Milian,Elizabeth Berkley Lauren,Christina Milian,7.580246913580246,6.666666666666667,6.214755573439749e-05,0.000524060834872454,False,True,False,True
17,6,,Bill Engvall,Bill Engvall,5.25,5.25,0.00013323352725822988,5.030533280828046e-05,True,True,False,False
17,7,"Nicole ""Snooki"" Polizzi",Bill Engvall,"Nicole ""Snooki"" Polizzi",5.859375,5.25,4.450659621195518e-05,0.0006584040547425452,False,True,False,True
17,8,Brant Daugherty,Brant Daugherty,Brant Daugherty,4.775510204081633,4.0,0.00012290072278911562,0.0008997448301063727,True,True,True,True
17,9,Elizabeth Berkley Lauren,Amber Riley,Elizabeth Berkley Lauren,2.888888888888889,2.9166666666666665,0.00026790963298899817,0.0016420842141037426,False,True,False,True
17,10,Leah Remini,Leah Remini,Leah Remini,2.0,2.0,0.0003787755102040814,0.0015905893993901077,True,True,True,True
17,11,Bill Engvall,Bill Engvall,Bill Engvall,1.25,1.25,0.00035422771901840757,0.002956939915358854,True,True,True,True
18,1,,Billy Dee Williams,Billy Dee Williams,12.333333333333334,11.916666666666666,0.00014284650596637082,7.210936294154507e-05,True,True,False,False
18,2,Sean Avery,Billy Dee Williams,Sean Avery,9.355371900826448,10.0,0.00013381722233203995,0.00031612214620020115,False,True,False,True
18,3,,Drew Carey,Drew Carey,8.666666666666666,6.666666666666667,7.837229674610732e-05,5.465289491855276e-05,False,False,False,False
18,4,,Candace Cameron Bure,Candace Cameron Bure,6.395061728395062,6.666666666666667,9.069369338729616e-05,6.790745686674664e-05,True,True,False,False
18,5,Cody Simpson,Cody Simpson,Cody Simpson,6.839506172839506,6.666666666666667,0.00010240040845855953,0.00038158997647067563,True,True,True,True
18,6,Drew Carey,Drew Carey,Drew Carey,4.6875,5.25,9.03815200442634e-05,0.0005064131836259517,True,True,True,True
18,7,NeNe Leakes,NeNe Leakes,NeNe Leakes,4.0,4.0,4.989731992407955e-05,0.0006255577133934235,True,True,True,True
18,8,Danica McKellar,Danica McKellar,Danica McKellar,1.8055555555555554,2.9166666666666665,6.30868161606669e-05,0.0011220226253538625,True,True,True,True
18,9,Charlie White,Candace Cameron Bure,Charlie White,1.7600000000000002,2.0,4.824429154902549e-05,0.0017864525805516185,False,True,False,True
18,10,James Maslow,James Maslow,James Maslow,1.25,1.25,0.0001901551913305809,0.003375039431725937,True,True,True,True
19,1,Lolo Jones,Lolo Jones,Lolo Jones,13.869822485207099,14.0,0.00014512400448524678,0.00019413650307814248,True,True,True,True
19,2,Tavis Smiley,Michael Waltrip,Tavis Smiley,9.076388888888888,11.916666666666666,6.846724933779666e-05,0.00023298270858330733,False,True,False,True
19,3,Randy Couture,Randy Couture,Randy Couture,10.793388429752067,10.0,0.00014803329608403516,0.00028543915665077966,True,True,True,True
19,4,Betsey Johnson,Jonathan Bennett,Betsey Johnson,8.04,8.25,0.00029492187500000005,0.00038581613923217644,False,True,False,True
19,5,,Michael Waltrip,Michael Waltrip,7.209876543209877,6.666666666666667,0.0004240638710335679,0.0002625758259859152,True,True,False,False
19,6,Jonathan Bennett,Antonio Sabato Jr.,Jonathan Bennett,5.728395061728396,6.666666666666667,0.00014006792575364528,0.0005034744824973367,False,True,False,True
19,7,Antonio Sabato Jr.,Antonio Sabato Jr.,Antonio Sabato Jr.,5.25,5.25,0.00013462721997538243,0.0006181187709794442,True,True,True,True
19,8,Michael Waltrip,Michael Waltrip,Michael Waltrip,4.0,4.0,0.0006450551084117313,0.0007477489203413793,True,True,True,True
19,9,Lea Thompson,Lea Thompson,Lea Thompson,3.5555555555555554,2.9166666666666665,0.000255966071757844,0.0011812230149077121,True,True,True,True
19,10,Tommy Chong,Tommy Chong,Tommy Chong,2.0,2.0,0.00024019515856633523,0.001380809268518556,True,True,True,True
19,11,Bethany Mota,Bethany Mota,Bethany Mota,1.25,1.25,2.1310346182202297e-05,0.002502044209075539,True,True,True,True
20,1,,Redfoo,Redfoo,9.90972222222222,11.916666666666666,9.311999789037885e-05,5.0507167623657104e-05,True,True,False,False
20,2,Redfoo,Noah Galloway,Redfoo,12.520833333333334,11.916666666666666,9.475805149301314e-05,0.0002601200440715042,False,True,False,True
20,3,Charlotte McKinney,Charlotte McKinney,Charlotte McKinney,9.966942148760328,10.0,0.0001973975744899571,0.00021300308887851983,True,True,True,True
20,4,Michael Sam,Suzanne Somers,Michael Sam,8.01,8.25,0.0001216568047337278,0.00032210360887706055,False,True,False,True
20,5,Suzanne Somers,Suzanne Somers,Suzanne Somers,6.444444444444445,6.666666666666667,0.0003721168841638986,0.0004629713445519241,True,True,True,True
20,6,Patti LaBelle,Patti LaBelle,Patti LaBelle,5.1875,5.25,2.6337886601156263e-05,0.0005158825359623114,True,True,True,True
20,7,Willow Shields,Willow Shields,Willow Shields,3.0612244897959187,4.0,0.00019802080420487365,0.0009227248800172669,True,True,True,True
20,8,Robert Herjavec,Robert Herjavec,Robert Herjavec,2.9166666666666665,2.9166666666666665,0.0003236851861166534,0.0009987629238232944,True,True,True,True
20,9,Nastia Liukin,Noah Galloway,Nastia Liukin,1.6875,1.25,2.7891598036431487e-05,0.003196429250007521,False,True,False,True
20,10,,Noah Galloway,Noah Galloway,0.888888888888889,0.6666666666666666,0.0002642356982428328,0.00046598558921387575,True,True,False,False
21,1,,Kim Zolciak-Biermann,Kim Zolciak-Biermann,13.940828402366863,14.0,0.00029576331360946754,0.00014422738563389783,True,True,False,False
21,2,Victor Espinoza,Victor Espinoza,Victor Espinoza,13.905325443786982,14.0,0.00011539918180200993,0.00023616360340126549,True,True,True,True
21,3,,Gary Busey,Paula Deen,9.41,8.25,0.00023488309594195113,5.5678945761256634e-05,True,False,False,False
21,4,Gary Busey,Gary Busey,Gary Busey,9.760000000000002,8.25,0.00027362826773915543,0.0003142634057859624,True,True,True,True
21,5,,Alek Skarlatos,Alek Skarlatos,6.098765432098765,6.666666666666667,0.0002480009691114793,8.290351641416245e-05,True,True,False,False
21,6,Paula Deen,Paula Deen,Paula Deen,8.024691358024691,6.666666666666667,0.00031705670564221054,0.000322652385167572,True,True,True,True
21,7,Hayes Grier,Alek Skarlatos,Hayes Grier,5.75,5.25,1.119704756249872e-05,0.0006663354308863845,False,True,False,True
21,8,Andy Grammer,Andy Grammer,Andy Grammer,4.122448979591836,4.0,0.00019521638387306675,0.0008119401757515832,True,True,True,True
21,9,Alexa PenaVega,Carlos PenaVega,Alexa PenaVega,3.555555555555556,2.9166666666666665,0.00015834008267559326,0.0017193881144757829,False,True,False,True
21,10,,Alek Skarlatos,Alek Skarlatos,1.6875,1.25,0.00027038936067937797,0.0006674828491615469,True,True,False,False
21,11,Carlos PenaVega,Alek Skarlatos,Carlos PenaVega,1.6875,1.25,5.386931005387666e-05,0.003959992215368347,False,True,False,True
22,1,,Geraldo Rivera,Geraldo Rivera,14.555555555555552,11.916666666666666,0.00017840505142219603,6.210995883169752e-05,True,True,False,False
22,2,Geraldo Rivera,Geraldo Rivera,Geraldo Rivera,12.520833333333334,11.916666666666666,0.00016258897507102053,0.00017759058363103915,True,True,True,True
22,3,Mischa Barton,Mischa Barton,Mischa Barton,8.611570247933885,10.0,6.915375955885199e-05,0.0002394734659240314,True,True,True,True
22,4,Marla Maples,Doug Flutie,Marla Maples,9.16,8.25,0.00015615019506490702,0.0002825773138145195,False,True,False,True
22,5,,Antonio Brown,Antonio Brown,6.098765432098765,6.666666666666667,0.00014586104693225054,7.788021221342939e-05,False,False,False,False
22,6,Doug Flutie,Doug Flutie,Doug Flutie,5.3580246913580245,6.666666666666667,0.00010254324006450638,0.0003805772766016494,True,True,True,True
22,7,Kim Fields,Kim Fields,Kim Fields,4.9375,5.25,1.774172416804956e-05,0.0005954418242916649,True,True,True,True
22,8,Jodie Sweetin,Wanya Morris,Jodie Sweetin,3.555555555555556,2.9166666666666665,0.00010990122505825722,0.0013717175884110269,False,True,False,True
22,9,Antonio Brown,Antonio Brown,Antonio Brown,2.0,2.0,4.176328473090602e-05,0.0017931561951310647,True,True,True,True
22,10,,Ginger Zee,Ginger Zee,0.6666666666666666,0.6666666666666666,3.915030436567697e-05,6.070688136308582e-05,True,True,False,False
23,1,,Rick Perry,Rick Perry,14.248520710059173,14.0,8.834987855966873e-05,9.773014900550273e-05,True,True,False,False
23,2,Jake T. Austin,Rick Perry,Jake T. Austin,12.236686390532546,14.0,7.01058120201477e-05,0.0002082052870014528,False,True,False,True
23,3,Rick Perry,Rick Perry,Rick Perry,9.909722222222223,11.916666666666666,7.961867192636425e-05,0.00023187928824065424,True,True,True,True
23,4,Babyface,Babyface,Babyface,9.685950413223141,10.0,0.00013903310844182103,0.0003129429878613448,True,True,True,True
23,5,,Calvin Johnson Jr.,Calvin Johnson Jr.,3.728395061728395,6.666666666666667,5.507713132161778e-05,0.00016019259628251563,True,True,False,False
23,6,Amber Rose,Amber Rose,Amber Rose,6.395061728395061,6.666666666666667,0.00017544732764655736,0.00031055327298824755,True,True,True,True
23,7,Maureen McCormick,Maureen McCormick,Maureen McCormick,5.609375,5.25,3.823892213793766e-05,0.000578588385414488,True,True,True,True
23,8,Ryan Lochte,Ryan Lochte,Ryan Lochte,4.122448979591836,4.0,0.00043643298363019254,0.0007374810559078974,True,True,True,True
23,9,Marilu Henner,Marilu Henner,Marilu Henner,2.8055555555555554,2.9166666666666665,5.4446147908081975e-05,0.0011767484138232927,True,True,True,True
23,10,Terra Jole,Calvin Johnson Jr.,Terra Jole,2.56,2.0,2.6092324896038316e-05,0.0023019424159842344,False,True,False,True
23,11,Jana Kramer,Jana Kramer,Jana Kramer,1.25,1.25,9.858852400143592e-05,0.002002268250293591,True,True,True,True
24,1,,Chris Kattan,Chris Kattan,12.972222222222223,11.916666666666666,0.00021167443923024814,7.841528762402064e-05,True,True,False,False
24,2,Chris Kattan,Chris Kattan,Chris Kattan,11.5,11.916666666666666,9.501619406437966e-05,0.00018391009632190132,True,True,True,True
24,3,Charo,Charo,Charo,8.066115702479339,10.0,0.00014892274632534368,0.0002075312116249533,True,True,True,True
24,4,Mr. T,Mr. T,Mr. T,7.610000000000001,8.25,9.070721517558058e-05,0.0002880438510789626,True,True,True,True
24,5,Erika Jayne,Erika Jayne,Erika Jayne,6.395061728395061,6.666666666666667,0.00011248119079374854,0.00039459442635343873,True,True,True,True
24,6,Heather Morris,Nick Viall,Heather Morris,5.25,5.25,7.060951341192075e-05,0.0006822353870946338,False,True,False,True
24,7,Nancy Kerrigan,Nancy Kerrigan,Nancy Kerrigan,4.408163265306123,4.0,0.00022063223889752759,0.0007769626345191998,True,True,True,True
24,8,Bonner Bolton,Bonner Bolton,Bonner Bolton,2.0,2.0,0.00045779591300564026,0.0013239648820181945,True,True,True,True
24,9,Simone Biles,Normani,Simone Biles,1.25,1.25,0.0001436406016839307,0.003198110823725329,False,True,False,True
24,10,,David Ross,David Ross,0.6666666666666666,0.6666666666666666,0.00016891247854189804,4.444593805726574e-06,True,True,False,False
25,1,,Barbara Corcoran,Barbara Corcoran,14.54437869822485,14.0,0.0001011037609459583,6.856205984687728e-05,True,True,False,False
25,2,Barbara Corcoran,Barbara Corcoran,Barbara Corcoran,13.928994082840235,14.0,6.0395930326827606e-05,0.00018212298239849773,True,True,True,True
25,3,,Sasha Pieterse,Sasha Pieterse,6.7272727272727275,10.0,7.579274210922594e-05,6.589560780829047e-05,False,False,False,False
25,4,Derek Fisher,Derek Fisher,Derek Fisher,8.595041322314051,10.0,4.771356914264456e-05,0.0002941275870049378,True,True,True,True
25,5,Sasha Pieterse,Sasha Pieterse,Sasha Pieterse,7.5600000000000005,8.25,8.352784016676205e-05,0.00036491901174420886,True,True,True,True
25,6,Nick Lachey,Nick Lachey,Nick Lachey,6.395061728395062,6.666666666666667,0.0002088465499973894,0.00036172396503852315,True,True,True,True
25,7,Nikki Bella,Nikki Bella,Nikki Bella,5.6875,5.25,8.349107625743639e-05,0.0005360483657426171,True,True,True,True
25,8,Terrell Owens,Drew Scott,Terrell Owens,2.9166666666666665,2.9166666666666665,0.0001885517073995061,0.001389847955762089,False,True,False,True
25,9,Victoria Arlen,Drew Scott,Victoria Arlen,2.0,2.0,0.0002030178326474622,0.002302958904596521,False,True,False,True
25,10,Drew Scott,Drew Scott,Drew Scott,1.6875,1.25,4.3183365412135686e-05,0.0028444054760565435,True,True,True,True
26,1,Jamie Anderson,Jamie Anderson,Jamie Anderson,9.36,8.25,0.00012698412698412698,0.0006972323280809661,True,True,True,True
26,2,Kareem Abdul-Jabbar,Kareem Abdul-Jabbar,Kareem Abdul-Jabbar,5.359375,5.25,8.947287972748707e-05,0.0007987908381436209,True,True,True,True
26,3,Jennie Finch Daigle,Jennie Finch Daigle,Jennie Finch Daigle,2.888888888888889,2.9166666666666665,0.0003175779719433276,0.001554560923113506,True,True,True,True
26,4,,Tonya Harding,Josh Norman,0.6666666666666666,0.6666666666666666,2.2799037880601433e-05,0.0035440583139958247,False,False,False,False
27,1,Nikki Glaser,Nikki Glaser,Nikki Glaser,14.236686390532544,14.0,9.295468970741795e-05,0.00019437585859691435,True,True,True,True
27,2,Danelle Umstead,Danelle Umstead,Danelle Umstead,14.1875,11.916666666666666,0.00011301173936432113,0.00022101446625575523,True,True,True,True
27,3,Nancy McKeon,Joe Amabile,Nancy McKeon,11.68595041322314,10.0,0.0001442660274548828,0.00027416700842898594,False,True,False,True
27,4,Tinashe,Juan Pablo Di Pace,Tinashe,8.809999999999999,8.25,0.0002556480380499405,0.000500405201183777,False,True,False,True
27,5,,Joe Amabile,Joe Amabile,7.061728395061729,6.666666666666667,0.0002660317975633291,0.00013261061893617105,True,True,False,False
27,6,Mary Lou Retton,Mary Lou Retton,Mary Lou Retton,6.8395061728395055,6.666666666666667,0.00026319996063771606,0.0004736760460963559,True,True,True,True
27,7,John Schneider,John Schneider,John Schneider,4.734375,5.25,6.333399392257898e-05,0.0006426192091443655,True,True,True,True
27,8,Juan Pablo Di Pace,Milo Manheim,Juan Pablo Di Pace,3.2222222222222228,2.9166666666666665,0.00034292229809378084,0.0017789546641636702,False,True,False,True
27,9,,Bobby Bones,Bobby Bones,1.6875,1.25,0.00011595547309833005,9.572082142762382e-05,False,False,False,False
28,1,,Lamar Odom,Lamar Odom,11.354166666666666,11.916666666666666,0.00020810608077736833,9.54158104477875e-05,False,False,False,False
28,2,Mary Wilson,Mary Wilson,Mary Wilson,12.409722222222223,11.916666666666666,0.0002019870311294593,0.00021263218910841074,True,True,True,True
28,3,,Lamar Odom,Lamar Odom,9.16,8.25,0.0003968982756861545,0.00011413762717179461,False,False,False,False
28,4,Lamar Odom,Lamar Odom,Lamar Odom,11.56,8.25,0.00023841859061415416,0.00017613497772846852,True,True,True,True
28,5,,Karamo Brown,Karamo Brown,7.061728395061729,6.666666666666667,0.00012712911216606913,0.00011183917851083467,True,True,False,False
28,6,Sailor Brinkley-Cook,Sean Spicer,Sailor Brinkley-Cook,8.246913580246915,6.666666666666667,6.412229403919153e-05,0.0009791200296708823,False,True,False,True
28,7,Karamo Brown,Karamo Brown,Karamo Brown,7.109375,5.25,9.190275463189892e-05,0.0004008033922301313,True,True,True,True
28,8,Kate Flannery,Sean Spicer,Kate Flannery,4.0,4.0,0.0004437770499497762,0.0005331785435518774,False,True,False,True
28,9,Sean Spicer,Sean Spicer,Sean Spicer,2.9166666666666665,2.9166666666666665,0.0004979230045220419,0.00034344914783987127,True,True,True,True
28,10,James Van Der Beek,James Van Der Beek,James Van Der Beek,1.7600000000000002,2.0,0.00010049586776859504,0.0001683094468793071,True,True,True,True
28,11,,Kel Mitchell,Kel Mitchell,1.25,1.25,2.2828548469574037e-05,0.00029849968260036526,True,True,False,False
29,1,,Charles Oakley,Charles Oakley,20.16,18.666666666666668,0.00013346482577251807,5.508429873865551e-05,True,True,False,False
29,2,Charles Oakley,Charles Oakley,Charles Oakley,16.826666666666664,18.666666666666668,5.760621145236533e-05,8.979129707313879e-05,True,True,True,True
29,3,Carole Baskin,Carole Baskin,Carole Baskin,17.49489795918367,16.25,0.00013834005886140122,7.822062394022531e-05,True,True,True,True
29,4,Anne Heche,Anne Heche,Anne Heche,12.059171597633137,14.0,4.38883826993824e-05,0.00012915009784916914,True,True,True,True
29,5,Jesse Metcalfe,Jesse Metcalfe,Jesse Metcalfe,10.583333333333334,11.916666666666666,0.0001020981464170043,0.00012546816729468012,True,True,True,True
29,6,Veron Davis,Veron Davis,Veron Davis,13.504132231404958,10.0,0.00011207377446061906,0.00016860841114658205,True,True,True,True
29,7,Monica Aldama,Monica Aldama,Monica Aldama,9.29,8.25,5.9171597633136094e-05,0.00020199342285177842,True,True,True,True
29,8,Chrishell Stause,Chrishell Stause,Chrishell Stause,5.6875,5.25,6.974854709095857e-05,0.000424029882682269,True,True,True,True
29,9,AJ McLean,AJ McLean,AJ McLean,4.775510204081633,4.0,0.00014464477562991292,0.0005054971274177466,True,True,True,True
29,10,Skai Jackson,Skai Jackson,Skai Jackson,3.138888888888889,2.9166666666666665,1.92671863302066e-05,0.0006103275204800415,True,True,True,True
29,11,,Nev Schulman,Nev Schulman,1.6875,1.25,3.0043262297708757e-05,0.0005416631371640633,True,True,False,False
30,1,,Martin Kove,Martin Kove,17.706666666666663,18.666666666666668,0.00010331750724118371,0.00014375085946892997,True,True,False,False
30,2,Martin Kove,Martin Kove,Martin Kove,18.24,18.666666666666668,0.00010854369295927738,0.00018221585863843949,True,True,True,True
30,3,Christine Chiu,Christine Chiu,Christine Chiu,17.265306122448976,16.25,4.0906412562772917e-05,0.0002822944501134687,True,True,True,True
30,4,Brian Austin Green,Brian Austin Green,Brian Austin Green,14.946745562130177,14.0,4.9290098379769647e-05,0.00016537919390616004,True,True,True,True
30,5,Melanie C,Iman Shumpert,Melanie C,11.090909090909092,10.0,6.99182753492081e-05,0.00042054082199605104,False,True,False,True
30,6,Kenya Moore,Kenya Moore,Kenya Moore,8.29,8.25,4.709576138147566e-05,0.00029031142885548044,True,True,True,True
30,7,"Mike ""The Miz"" Mizanin","Mike ""The Miz"" Mizanin","Mike ""The Miz"" Mizanin",5.580246913580247,6.666666666666667,8.312888822385785e-05,0.0003613770476490847,True,True,True,True
30,8,Jimmie Allen,Jimmie Allen,Jimmie Allen,7.109375,5.25,0.00013703828638893562,0.0004196619185152301,True,True,True,True
30,9,Melora Hardin,Melora Hardin,Melora Hardin,2.8888888888888893,2.9166666666666665,5.329748261849444e-05,0.0008929113466054573,True,True,True,True
30,10,,Cody Rigsby,Cody Rigsby,1.6875,1.25,2.7891598036431487e-05,0.0014382469223210323,True,True,False,False
31,1,Jason Lewis,Jason Lewis,Jason Lewis,20.93359375,21.25,0.00012924107754721636,0.00010025390300337222,True,True,True,True
31,2,Teresa Giudice,Cheryl Ladd,Teresa Giudice,21.182222222222222,18.666666666666668,6.037850462395658e-05,8.114692169526728e-05,False,True,False,True
31,3,Cheryl Ladd,Cheryl Ladd,Cheryl Ladd,18.596938775510207,16.25,6.700769699477546e-05,8.503703538983292e-05,True,True,True,True
31,4,Sam Champion,Sam Champion,Sam Champion,15.479289940828405,14.0,7.011887119881445e-05,0.00010014661415619579,True,True,True,True
31,5,Joseph Baena,Vinny Guadagnino,Joseph Baena,12.388888888888888,11.916666666666666,5.2639439363301494e-05,0.00011507546314899358,False,True,False,True
31,6,Jessie James Decker,Jessie James Decker,Jessie James Decker,7.360000000000001,8.25,7.603444654484353e-05,0.00011969537551569315,True,True,True,True
31,7,Jordin Sparks,Jordin Sparks,Jordin Sparks,7.5061728395061715,6.666666666666667,4.824067060824405e-05,0.00015369306498558624,True,True,True,True
31,8,Heidi D'Amelio,Heidi D'Amelio,Heidi D'Amelio,5.6875,5.25,0.00025039048237251007,0.000342062581643778,True,True,True,True
31,9,Trevor Donovan,Trevor Donovan,Trevor Donovan,3.472222222222222,2.9166666666666665,0.00015266299357208444,0.0001296988232817667,True,True,True,True
31,10,,Shangela,Shangela,1.0,1.25,4.1091387245233286e-05,4.988209956536943e-05,True,True,False,False
32,1,Matt Walsh,Matt Walsh,Matt Walsh,14.494897959183675,16.25,0.00021350531554613188,0.00011752885708335704,True,True,True,True
32,2,Jamie Lynn Spears,Mauricio Umansky,Jamie Lynn Spears,13.325443786982246,14.0,0.0002183261052419576,0.0001480104693648587,False,True,False,True
32,3,Tyson Beckford,Tyson Beckford,Tyson Beckford,12.854166666666666,11.916666666666666,0.00020840854944987065,0.00014517304056935483,True,True,True,True
32,4,Adrian Peterson,Adrian Peterson,Adrian Peterson,8.975206611570249,10.0,0.0001351584022038568,0.0002431317642853585,True,True,True,True
32,5,Mira Sorvino,Mira Sorvino,Mira Sorvino,8.96,8.25,0.00015625000000000008,0.0001340872698874511,True,True,True,True
32,6,Mauricio Umansky,Mauricio Umansky,Mauricio Umansky,6.666666666666667,6.666666666666667,0.0001859877186189185,0.0002984277848373697,True,True,True,True
32,7,Lele Pons,Lele Pons,Lele Pons,5.9375,5.25,4.244001810774103e-05,0.0006449570590102098,True,True,True,True
32,8,Barry Williams,Harry Jowsey,Barry Williams,4.0,4.0,0.0003009780831203266,0.00029771105424371074,False,True,False,True
32,9,Harry Jowsey,Harry Jowsey,Harry Jowsey,2.9166666666666665,2.9166666666666665,0.00043281032101899817,0.0003374023084861889,True,True,True,True
32,10,,Alyson Hannigan,Alyson Hannigan,2.0,2.0,0.00012311480455524772,9.787832238671613e-05,False,False,False,False
32,11,,Alyson Hannigan,Alyson Hannigan,2.24,2.0,8.219081021716796e-05,9.324193160663999e-05,False,False,False,False
33,1,,Reginald VelJohnson,Reginald VelJohnson,13.621301775147925,14.0,8.321596939669685e-05,3.8288507354306784e-05,True,True,False,False
33,2,Tori Spelling,Reginald VelJohnson,Tori Spelling,14.85207100591716,14.0,0.0001059619980450367,0.00014257449637180986,False,True,False,True
33,3,Eric Roberts,Eric Roberts,Eric Roberts,10.148760330578511,10.0,0.00016937719209637406,0.00014257839756430578,True,True,True,True
33,4,Brooks Nader,Dwight Howard ,Brooks Nader,4.839506172839506,6.666666666666667,4.884795944076799e-05,0.00035077053957642003,False,True,False,True
33,5,Phaedra Parks,Phaedra Parks,Phaedra Parks,3.609375,5.25,2.75708263895697e-05,0.00033444536150272993,True,True,True,True
33,6,Jenn Tran,Jenn Tran,Jenn Tran,4.244897959183674,4.0,0.00017409169342164223,0.0008087558857661067,True,True,True,True
33,7,Dwight Howard ,Dwight Howard ,Dwight Howard ,2.9166666666666665,2.9166666666666665,0.00013563368055555564,0.0003489053317605815,True,True,True,True
33,8,,Stephen Nedoroscik,Stephen Nedoroscik,2.56,2.0,5.612244897959191e-05,0.00015030237741949377,True,True,False,False
33,9,,Danny Amendola,Joey Graziadei,2.16,2.0,2.550749282601759e-05,9.140687015042033e-05,False,True,False,False
34,1,,Corey Feldman,Corey Feldman,13.943877551020407,16.25,0.00015099734123274534,7.94112202148223e-05,False,False,False,False
34,2,Corey Feldman,Corey Feldman,Corey Feldman,20.53061224489796,16.25,6.4432377163898e-05,9.194938995006979e-05,True,True,True,True
34,3,Lauren Jauregui,Lauren Jauregui,Lauren Jauregui,12.076388888888891,11.916666666666666,6.171764733590047e-05,0.00013969614312192753,True,True,True,True
34,4,Hilaria Baldwin,Hilaria Baldwin,Hilaria Baldwin,10.776859504132231,10.0,5.724279976952381e-05,0.00032414418208439845,True,True,True,True
34,5,,Andy Richter,Andy Richter,7.959999999999999,8.25,0.00012258979881391051,0.00011314681455921449,True,True,False,False
34,6,Scott Hoying,Andy Richter,Scott Hoying,9.4,8.25,0.00013494809688581312,0.00019181079193148883,False,True,False,True
34,7,Jen Affleck,Andy Richter,Jen Affleck,6.765432098765432,6.666666666666667,0.0001823447292068765,0.0002991286269842421,False,True,False,True
34,8,Danielle Fishel,Danielle Fishel,Danielle Fishel,5.234375,5.25,2.74590975470904e-05,0.00018257398197417602,True,True,True,True
34,9,Andy Richter,Andy Richter,Andy Richter,5.6734693877551035,4.0,0.0002659500013997368,0.00036964030351853443,True,True,True,True
34,10,Whitney Leavitt,Whitney Leavitt,Whitney Leavitt,2.8055555555555554,2.9166666666666665,1.3145243675259885e-05,0.0012888242580165199,True,True,True,True
34,11,,Elaine Hendrix,Elaine Hendrix,2.16,2.0,5.301543537160498e-06,0.00020299814359707805,False,False,False,False
